{
  "version": "dbl/2.0",
  "status": "FAILED",
  "failureCode": "PACT-101",
  "lastValidRound": 1,
  "lastValidSummary": "ASK by seller (round 1)",
  "lastValidHash": "3535bd51fe6657e48c50f95069a3397d288f4029090a496fec0358da72327870",
  "requiredNextActor": "BUYER",
  "requiredAction": "FIX_POLICY_OR_PARAMS",
  "terminal": true,
  "dblDetermination": "BUYER_AT_FAULT",
  "passportImpact": -0.05,
  "confidence": 0.95,
  "recommendation": "Policy violation - buyer at fault (deterministic)",
  "evidenceRefs": [
    "3535bd51fe6657e48c50f95069a3397d288f4029090a496fec0358da72327870"
  ],
  "claimedEvidenceRefs": [
    "transcript-49de44a83bef88f07540e8549f337defd7cd0152c0f462546f30124ae79ef07e",
    "b9857bbf689d98c68b58a5e33a8436bd8a2c25d63149c07b7fb77b45490edd14",
    "3535bd51fe6657e48c50f95069a3397d288f4029090a496fec0358da72327870"
  ]
}