{
  "version": "dbl/2.0",
  "status": "OK",
  "failureCode": null,
  "lastValidRound": 2,
  "lastValidSummary": "ACCEPT by buyer (round 2)",
  "lastValidHash": "4bccccf505aaf6be17b7be92c89ab80b5bcf6a503e2c30d08484ac48b8f0608f",
  "requiredNextActor": "NONE",
  "requiredAction": "NONE",
  "terminal": true,
  "dblDetermination": "NO_FAULT",
  "passportImpact": 0,
  "confidence": 1,
  "recommendation": "No action required.",
  "evidenceRefs": [
    "4bccccf505aaf6be17b7be92c89ab80b5bcf6a503e2c30d08484ac48b8f0608f"
  ],
  "recommendedActions": []
}