{
  "version": "dbl/2.0",
  "status": "FAILED",
  "failureCode": "PACT-420",
  "lastValidRound": -1,
  "lastValidSummary": "Transcript verification failed (HASH_CHAIN_BROKEN: Hash chain broken at round 0: expected previous_round_hash 3787a9cc7ec0c6d0a94844f17ce949ccef04cd76cf47f917b20d64c74b5b6316, got 99397eb8c4a2d6076bb120d7096689eee133480d4fc5e87461006944f5f7e0d3)",
  "lastValidHash": "",
  "requiredNextActor": "PROVIDER",
  "requiredAction": "RETRY",
  "terminal": true,
  "dblDetermination": "PROVIDER_AT_FAULT",
  "passportImpact": -0.05,
  "confidence": 0.7,
  "recommendation": "Provider unreachable during quote request",
  "evidenceRefs": [],
  "claimedEvidenceRefs": [
    "transcript-a9a6749d689cee03ec7ed8bafd10cfbedef6631c046ec89db3fc1d69706615a6",
    "b0dad4440d5c0b77eeac6466da1472055bf479e8d465e94d165f13238dac8261",
    "abort_reason:Quote request network error: fetch failed"
  ],
  "notes": "LVSH cannot be established, but PACT-420 is deterministic (provider unreachable)"
}